Internal_ID,Internal_Variant_ID,Visible,Brand,Supplier,NL_Title_Short,NL_Title_Long,NL_Description_Short,NL_Description_Long,NL_Variant,Price,Price_Old,Price_Cost,Price_Unit,Unit,Tax,Stock_Track,Stock_Disable_Sold_Out,Stock_Level,Stock_Min,Stock_Alert,Article_Code,HS_Code,EAN,SKU,Weight_Value,Weight_Unit,Weight,Volume_Value,Volume_Unit,Volume,Colli,Size_X_Value,Size_Y_Value,Size_Z_Value,Size_Unit,Size_X,Size_Y,Size_Z,Matrix,Data_01,Data_02,Data_03,Buy_Min,Buy_Max,NL_Category_1,NL_Category_2,NL_Category_3,NL_Meta_Title,Images
1,,Y,Casimoda,Casimoda,Samsung Galaxy A23 beige case - Marmer waves,Samsung Galaxy A23 beige case - Marmer waves,"Laat je Samsung A23 schitteren met het ""Marmer waves"" TPU hoesje. De stevige bescherming en schokabsorberende werking zorgen ervoor dat jouw telefoon veilig is. Draadloos opladen is mogelijk, waardoor je altijd verbonden blijft zonder gedoe.","<p>Bij Casimoda begrijpen we dat smartphones soms lijken te hebben geleerd hoe ze op de meest onverwachte momenten uit onze handen kunnen glippen. Maar geen zorgen, wij hebben het antwoord voor je Samsung Galaxy A23! Maak kennis met ons gloednieuwe TPU telefoonhoesje in een trendy kleur, dat niet alleen als een tweede huid om je smartphone past, maar ook een flinke dosis stijl toevoegt. Met handige uitsparingen en knopafdekkingen blijven alle functies behouden, terwijl jouw telefoon zich in stijl en veiligheid hult. Precies wat je telefoon nodig heeft!</p>
<h3><strong>Waarom zou je voor deze siliconen Samsung Galaxy A23 case gaan?</strong></h3>
<ul>
<li>Uitstekende bescherming: dit telefoonhoesje hoesje beschermt niet alleen je Samsung Galaxy A23 tegen vallen en stoten, maar ook de camera wordt beschermd dankzij de opstaande randen en lensbescherming.</li>
<li>Contactloos betalen: betaal snel en eenvoudig, zonder het hoesje te verwijderen.</li>
<li>Perfecte pasvorm: ons hoesje biedt een naadloze pasvorm en is gemakkelijk te bevestigen.</li>
</ul>
<h3><strong>Een uniek design van Casimoda</strong></h3>
<p>Het elegante design op de achterkant van dit telefoonhoesje verleent je telefoon een modieuze uitstraling. Of je nu op weg bent naar je werk, een belangrijke afspraak hebt of een ontspannen dagje uit met vrienden gepland hebt; dit hoesje combineert moeiteloos stijl met handige functionaliteit en biedt de perfecte accessoire voor elke gelegenheid.</p>
<p><em>Benieuwd naar al onze trendy <span style=""color: #3366ff;""><a style=""color: #3366ff;"" href=""https://www.casimoda.nl/samsung/samsung-galaxy-a23-hoesjes/"">Samsung Galaxy A23 cases</a></span>? </em><em>Blader door ons overzicht en ontdek het volledige assortiment.</em></p>",Solid_Beige,25.95,0,0,0,0,21,Y,Y,50,0,0,S/A23/E/001,,"8719573790189
",CASIM0225,0,g,0,0,ml,0,1,0,0,0,cm,0,0,0,,,TPU,11433824,1,10000,Samsung,Samsung Galaxy A23 hoesjes,Siliconen hoesjes,Samsung Galaxy A23 beige case - Marmer waves,
2,,Y,Casimoda,Casimoda,Samsung Galaxy A23 beige case - In bloom,Samsung Galaxy A23 beige case - In bloom,Breng je Samsung A23 tot leven met dit 'In Bloom'  TPU hoesje. De robuuste constructie beschermt je telefoon terwijl het bloemrijke ontwerp je dag opfleurt. De robuuste constructie beschermt je toestel optimaal.,"<p>Bij Casimoda begrijpen we dat smartphones soms lijken te hebben geleerd hoe ze op de meest onverwachte momenten uit onze handen kunnen glippen. Maar geen zorgen, wij hebben het antwoord voor je Samsung Galaxy A23! Maak kennis met ons gloednieuwe TPU telefoonhoesje in een trendy kleur, dat niet alleen als een tweede huid om je smartphone past, maar ook een flinke dosis stijl toevoegt. Met handige uitsparingen en knopafdekkingen blijven alle functies behouden, terwijl jouw telefoon zich in stijl en veiligheid hult. Precies wat je telefoon nodig heeft!</p>
<h3><strong>Waarom zou je voor deze siliconen Samsung Galaxy A23 case gaan?</strong></h3>
<ul>
<li>Uitstekende bescherming: dit telefoonhoesje hoesje beschermt niet alleen je Samsung Galaxy A23 tegen vallen en stoten, maar ook de camera wordt beschermd dankzij de opstaande randen en lensbescherming.</li>
<li>Contactloos betalen: betaal snel en eenvoudig, zonder het hoesje te verwijderen.</li>
<li>Perfecte pasvorm: ons hoesje biedt een naadloze pasvorm en is gemakkelijk te bevestigen.</li>
</ul>
<h3><strong>Een uniek design van Casimoda</strong></h3>
<p>Het elegante design op de achterkant van dit telefoonhoesje verleent je telefoon een modieuze uitstraling. Of je nu op weg bent naar je werk, een belangrijke afspraak hebt of een ontspannen dagje uit met vrienden gepland hebt; dit hoesje combineert moeiteloos stijl met handige functionaliteit en biedt de perfecte accessoire voor elke gelegenheid.</p>
<p><em>Benieuwd naar al onze trendy <span style=""color: #3366ff;""><a style=""color: #3366ff;"" href=""https://www.casimoda.nl/samsung/samsung-galaxy-a23-hoesjes/"">Samsung Galaxy A23 cases</a></span>? </em><em>Blader door ons overzicht en ontdek het volledige assortiment.</em></p>",Solid_Beige,25.95,0,0,0,0,21,Y,Y,50,0,0,S/A23/E/002,,"8719573790196
",CASIM0225,0,g,0,0,ml,0,1,0,0,0,cm,0,0,0,,,TPU,11433824,1,10000,Samsung,Samsung Galaxy A23 hoesjes,Siliconen hoesjes,Samsung Galaxy A23 beige case - In bloom,
3,,Y,Casimoda,Casimoda,Samsung Galaxy A23 beige case - Palmy leaves beige,Samsung Galaxy A23 beige case - Palmy leaves beige,Bescherm je Samsung A23 met het Palmy Leaves TPU hoesje. Dankzij schokabsorberende eigenschappen biedt dit hoesje betrouwbare bescherming. Voeg een vleugje tropische stijl toe aan je telefoon.,"<p>Bij Casimoda begrijpen we dat smartphones soms lijken te hebben geleerd hoe ze op de meest onverwachte momenten uit onze handen kunnen glippen. Maar geen zorgen, wij hebben het antwoord voor je Samsung Galaxy A23! Maak kennis met ons gloednieuwe TPU telefoonhoesje in een trendy kleur, dat niet alleen als een tweede huid om je smartphone past, maar ook een flinke dosis stijl toevoegt. Met handige uitsparingen en knopafdekkingen blijven alle functies behouden, terwijl jouw telefoon zich in stijl en veiligheid hult. Precies wat je telefoon nodig heeft!</p>
<h3><strong>Waarom zou je voor deze siliconen Samsung Galaxy A23 case gaan?</strong></h3>
<ul>
<li>Uitstekende bescherming: dit telefoonhoesje hoesje beschermt niet alleen je Samsung Galaxy A23 tegen vallen en stoten, maar ook de camera wordt beschermd dankzij de opstaande randen en lensbescherming.</li>
<li>Contactloos betalen: betaal snel en eenvoudig, zonder het hoesje te verwijderen.</li>
<li>Perfecte pasvorm: ons hoesje biedt een naadloze pasvorm en is gemakkelijk te bevestigen.</li>
</ul>
<h3><strong>Een uniek design van Casimoda</strong></h3>
<p>Het elegante design op de achterkant van dit telefoonhoesje verleent je telefoon een modieuze uitstraling. Of je nu op weg bent naar je werk, een belangrijke afspraak hebt of een ontspannen dagje uit met vrienden gepland hebt; dit hoesje combineert moeiteloos stijl met handige functionaliteit en biedt de perfecte accessoire voor elke gelegenheid.</p>
<p><em>Benieuwd naar al onze trendy <span style=""color: #3366ff;""><a style=""color: #3366ff;"" href=""https://www.casimoda.nl/samsung/samsung-galaxy-a23-hoesjes/"">Samsung Galaxy A23 cases</a></span>? </em><em>Blader door ons overzicht en ontdek het volledige assortiment.</em></p>",Solid_Beige,25.95,0,0,0,0,21,Y,Y,50,0,0,S/A23/E/003,,"8719573790202
",CASIM0225,0,g,0,0,ml,0,1,0,0,0,cm,0,0,0,,,TPU,11433824,1,10000,Samsung,Samsung Galaxy A23 hoesjes,Siliconen hoesjes,Samsung Galaxy A23 beige case - Palmy leaves beige,
4,,Y,Casimoda,Casimoda,Samsung Galaxy A23 beige case - Duck life,Samsung Galaxy A23 beige case - Duck life,"Steel de show met deze 'Duck life' case voor je Samsung A23, waar stijl en bescherming samenkomen. Speels design met stevige constructie én je behoudt het slanke profiel van je telefoon. Draadloos opladen? Geen probleem!","<p>Bij Casimoda begrijpen we dat smartphones soms lijken te hebben geleerd hoe ze op de meest onverwachte momenten uit onze handen kunnen glippen. Maar geen zorgen, wij hebben het antwoord voor je Samsung Galaxy A23! Maak kennis met ons gloednieuwe TPU telefoonhoesje in een trendy kleur, dat niet alleen als een tweede huid om je smartphone past, maar ook een flinke dosis stijl toevoegt. Met handige uitsparingen en knopafdekkingen blijven alle functies behouden, terwijl jouw telefoon zich in stijl en veiligheid hult. Precies wat je telefoon nodig heeft!</p>
<h3><strong>Waarom zou je voor deze siliconen Samsung Galaxy A23 case gaan?</strong></h3>
<ul>
<li>Uitstekende bescherming: dit telefoonhoesje hoesje beschermt niet alleen je Samsung Galaxy A23 tegen vallen en stoten, maar ook de camera wordt beschermd dankzij de opstaande randen en lensbescherming.</li>
<li>Contactloos betalen: betaal snel en eenvoudig, zonder het hoesje te verwijderen.</li>
<li>Perfecte pasvorm: ons hoesje biedt een naadloze pasvorm en is gemakkelijk te bevestigen.</li>
</ul>
<h3><strong>Een uniek design van Casimoda</strong></h3>
<p>Het elegante design op de achterkant van dit telefoonhoesje verleent je telefoon een modieuze uitstraling. Of je nu op weg bent naar je werk, een belangrijke afspraak hebt of een ontspannen dagje uit met vrienden gepland hebt; dit hoesje combineert moeiteloos stijl met handige functionaliteit en biedt de perfecte accessoire voor elke gelegenheid.</p>
<p><em>Benieuwd naar al onze trendy <span style=""color: #3366ff;""><a style=""color: #3366ff;"" href=""https://www.casimoda.nl/samsung/samsung-galaxy-a23-hoesjes/"">Samsung Galaxy A23 cases</a></span>? </em><em>Blader door ons overzicht en ontdek het volledige assortiment.</em></p>",Solid_Beige,25.95,0,0,0,0,21,Y,Y,50,0,0,S/A23/E/004,,"8719573790219
",CASIM0225,0,g,0,0,ml,0,1,0,0,0,cm,0,0,0,,,TPU,11433824,1,10000,Samsung,Samsung Galaxy A23 hoesjes,Siliconen hoesjes,Samsung Galaxy A23 beige case - Duck life,
5,,Y,Casimoda,Casimoda,Samsung Galaxy A23 zwarte case - Soft stripes,Samsung Galaxy A23 zwarte case - Soft stripes,Geef je Samsung Galaxy A23 een stijlvolle upgrade met de Soft Stripes (roze) case. De subtiele strepen in zachte roze tinten zorgen voor een moderne en vrouwelijke uitstraling. Dankzij het stevige materiaal is je toestel goed beschermd tegen stoten en krassen.,"<p>Bij Casimoda begrijpen we dat smartphones soms lijken te hebben geleerd hoe ze op de meest onverwachte momenten uit onze handen kunnen glippen. Maar geen zorgen, wij hebben het antwoord voor je Samsung Galaxy A23! Maak kennis met ons gloednieuwe TPU telefoonhoesje in een trendy kleur, dat niet alleen als een tweede huid om je smartphone past, maar ook een flinke dosis stijl toevoegt. Met handige uitsparingen en knopafdekkingen blijven alle functies behouden, terwijl jouw telefoon zich in stijl en veiligheid hult. Precies wat je telefoon nodig heeft!</p>
<h3><strong>Waarom zou je voor deze siliconen Samsung Galaxy A23 case gaan?</strong></h3>
<ul>
<li>Uitstekende bescherming: dit telefoonhoesje hoesje beschermt niet alleen je Samsung Galaxy A23 tegen vallen en stoten, maar ook de camera wordt beschermd dankzij de opstaande randen en lensbescherming.</li>
<li>Contactloos betalen: betaal snel en eenvoudig, zonder het hoesje te verwijderen.</li>
<li>Perfecte pasvorm: ons hoesje biedt een naadloze pasvorm en is gemakkelijk te bevestigen.</li>
</ul>
<h3><strong>Een uniek design van Casimoda</strong></h3>
<p>Het elegante design op de achterkant van dit telefoonhoesje verleent je telefoon een modieuze uitstraling. Of je nu op weg bent naar je werk, een belangrijke afspraak hebt of een ontspannen dagje uit met vrienden gepland hebt; dit hoesje combineert moeiteloos stijl met handige functionaliteit en biedt de perfecte accessoire voor elke gelegenheid.</p>
<p><em>Benieuwd naar al onze trendy <span style=""color: #3366ff;""><a style=""color: #3366ff;"" href=""https://www.casimoda.nl/samsung/samsung-galaxy-a23-hoesjes/"">Samsung Galaxy A23 cases</a></span>? </em><em>Blader door ons overzicht en ontdek het volledige assortiment.</em></p>",Solid_Black,25.95,0,0,0,0,21,Y,Y,50,0,0,S/A23/E/005,,"8719573790226
",CASIM0225,0,g,0,0,ml,0,1,0,0,0,cm,0,0,0,,,TPU,11433824,1,10000,Samsung,Samsung Galaxy A23 hoesjes,Siliconen hoesjes,Samsung Galaxy A23 zwarte case - Soft stripes,
6,,Y,Casimoda,Casimoda,Samsung Galaxy A23 zwarte case - Abstract terracotta,Samsung Galaxy A23 zwarte case - Abstract terracotta,"Verrijk je Samsung A23 met het ""Abstract terracotta"" TPU hoesje, dat naast een stijlvol uniek ontwerp ook schokabsorberend is. Handig aangebrachte uitsparingen en goed afgedekte knoppen maken dit hoesje praktisch voor dagelijks gebruik.","<p>Bij Casimoda begrijpen we dat smartphones soms lijken te hebben geleerd hoe ze op de meest onverwachte momenten uit onze handen kunnen glippen. Maar geen zorgen, wij hebben het antwoord voor je Samsung Galaxy A23! Maak kennis met ons gloednieuwe TPU telefoonhoesje in een trendy kleur, dat niet alleen als een tweede huid om je smartphone past, maar ook een flinke dosis stijl toevoegt. Met handige uitsparingen en knopafdekkingen blijven alle functies behouden, terwijl jouw telefoon zich in stijl en veiligheid hult. Precies wat je telefoon nodig heeft!</p>
<h3><strong>Waarom zou je voor deze siliconen Samsung Galaxy A23 case gaan?</strong></h3>
<ul>
<li>Uitstekende bescherming: dit telefoonhoesje hoesje beschermt niet alleen je Samsung Galaxy A23 tegen vallen en stoten, maar ook de camera wordt beschermd dankzij de opstaande randen en lensbescherming.</li>
<li>Contactloos betalen: betaal snel en eenvoudig, zonder het hoesje te verwijderen.</li>
<li>Perfecte pasvorm: ons hoesje biedt een naadloze pasvorm en is gemakkelijk te bevestigen.</li>
</ul>
<h3><strong>Een uniek design van Casimoda</strong></h3>
<p>Het elegante design op de achterkant van dit telefoonhoesje verleent je telefoon een modieuze uitstraling. Of je nu op weg bent naar je werk, een belangrijke afspraak hebt of een ontspannen dagje uit met vrienden gepland hebt; dit hoesje combineert moeiteloos stijl met handige functionaliteit en biedt de perfecte accessoire voor elke gelegenheid.</p>
<p><em>Benieuwd naar al onze trendy <span style=""color: #3366ff;""><a style=""color: #3366ff;"" href=""https://www.casimoda.nl/samsung/samsung-galaxy-a23-hoesjes/"">Samsung Galaxy A23 cases</a></span>? </em><em>Blader door ons overzicht en ontdek het volledige assortiment.</em></p>",Solid_Black,25.95,0,0,0,0,21,Y,Y,50,0,0,S/A23/E/006,,"8719573790233
",CASIM0225,0,g,0,0,ml,0,1,0,0,0,cm,0,0,0,,,TPU,11433824,1,10000,Samsung,Samsung Galaxy A23 hoesjes,Siliconen hoesjes,Samsung Galaxy A23 zwarte case - Abstract terracotta,
7,,Y,Casimoda,Casimoda,Samsung Galaxy A23 zwarte case - Luipaard jungle,Samsung Galaxy A23 zwarte case - Luipaard jungle,Laat je Samsung A23 brullen met de 'Luipaard jungle' case. Stoer zwart met een wilde print zorgt voor een look die opvalt en beschermt. Perfect voor de urban jungle waar jij de koning bent. Draadloos opladen is met dit product mogelijk.,"<p>Bij Casimoda begrijpen we dat smartphones soms lijken te hebben geleerd hoe ze op de meest onverwachte momenten uit onze handen kunnen glippen. Maar geen zorgen, wij hebben het antwoord voor je Samsung Galaxy A23! Maak kennis met ons gloednieuwe TPU telefoonhoesje in een trendy kleur, dat niet alleen als een tweede huid om je smartphone past, maar ook een flinke dosis stijl toevoegt. Met handige uitsparingen en knopafdekkingen blijven alle functies behouden, terwijl jouw telefoon zich in stijl en veiligheid hult. Precies wat je telefoon nodig heeft!</p>
<h3><strong>Waarom zou je voor deze siliconen Samsung Galaxy A23 case gaan?</strong></h3>
<ul>
<li>Uitstekende bescherming: dit telefoonhoesje hoesje beschermt niet alleen je Samsung Galaxy A23 tegen vallen en stoten, maar ook de camera wordt beschermd dankzij de opstaande randen en lensbescherming.</li>
<li>Contactloos betalen: betaal snel en eenvoudig, zonder het hoesje te verwijderen.</li>
<li>Perfecte pasvorm: ons hoesje biedt een naadloze pasvorm en is gemakkelijk te bevestigen.</li>
</ul>
<h3><strong>Een uniek design van Casimoda</strong></h3>
<p>Het elegante design op de achterkant van dit telefoonhoesje verleent je telefoon een modieuze uitstraling. Of je nu op weg bent naar je werk, een belangrijke afspraak hebt of een ontspannen dagje uit met vrienden gepland hebt; dit hoesje combineert moeiteloos stijl met handige functionaliteit en biedt de perfecte accessoire voor elke gelegenheid.</p>
<p><em>Benieuwd naar al onze trendy <span style=""color: #3366ff;""><a style=""color: #3366ff;"" href=""https://www.casimoda.nl/samsung/samsung-galaxy-a23-hoesjes/"">Samsung Galaxy A23 cases</a></span>? </em><em>Blader door ons overzicht en ontdek het volledige assortiment.</em></p>",Solid_Black,25.95,0,0,0,0,21,Y,Y,50,0,0,S/A23/E/007,,"8719573790240
",CASIM0225,0,g,0,0,ml,0,1,0,0,0,cm,0,0,0,,,TPU,11433824,1,10000,Samsung,Samsung Galaxy A23 hoesjes,Siliconen hoesjes,Samsung Galaxy A23 zwarte case - Luipaard jungle,
8,,Y,Casimoda,Casimoda,Samsung Galaxy A23 zwarte case - Snoepautomaat,Samsung Galaxy A23 zwarte case - Snoepautomaat,"Upgrade je Samsung A23 met dit snoepautomaat TPU hoesje, dat schokken absorbeert dankzij het speciale gegoten TPU materiaal. Het ontwerp omvat slimme uitsparingen en knoppen, en de mogelijkheid voor draadloos opladen. ","<p>Bij Casimoda begrijpen we dat smartphones soms lijken te hebben geleerd hoe ze op de meest onverwachte momenten uit onze handen kunnen glippen. Maar geen zorgen, wij hebben het antwoord voor je Samsung Galaxy A23! Maak kennis met ons gloednieuwe TPU telefoonhoesje in een trendy kleur, dat niet alleen als een tweede huid om je smartphone past, maar ook een flinke dosis stijl toevoegt. Met handige uitsparingen en knopafdekkingen blijven alle functies behouden, terwijl jouw telefoon zich in stijl en veiligheid hult. Precies wat je telefoon nodig heeft!</p>
<h3><strong>Waarom zou je voor deze siliconen Samsung Galaxy A23 case gaan?</strong></h3>
<ul>
<li>Uitstekende bescherming: dit telefoonhoesje hoesje beschermt niet alleen je Samsung Galaxy A23 tegen vallen en stoten, maar ook de camera wordt beschermd dankzij de opstaande randen en lensbescherming.</li>
<li>Contactloos betalen: betaal snel en eenvoudig, zonder het hoesje te verwijderen.</li>
<li>Perfecte pasvorm: ons hoesje biedt een naadloze pasvorm en is gemakkelijk te bevestigen.</li>
</ul>
<h3><strong>Een uniek design van Casimoda</strong></h3>
<p>Het elegante design op de achterkant van dit telefoonhoesje verleent je telefoon een modieuze uitstraling. Of je nu op weg bent naar je werk, een belangrijke afspraak hebt of een ontspannen dagje uit met vrienden gepland hebt; dit hoesje combineert moeiteloos stijl met handige functionaliteit en biedt de perfecte accessoire voor elke gelegenheid.</p>
<p><em>Benieuwd naar al onze trendy <span style=""color: #3366ff;""><a style=""color: #3366ff;"" href=""https://www.casimoda.nl/samsung/samsung-galaxy-a23-hoesjes/"">Samsung Galaxy A23 cases</a></span>? </em><em>Blader door ons overzicht en ontdek het volledige assortiment.</em></p>",Solid_Black,25.95,0,0,0,0,21,Y,Y,50,0,0,S/A23/E/008,,"8719573790257
",CASIM0225,0,g,0,0,ml,0,1,0,0,0,cm,0,0,0,,,TPU,11433824,1,10000,Samsung,Samsung Galaxy A23 hoesjes,Siliconen hoesjes,Samsung Galaxy A23 zwarte case - Snoepautomaat,
9,,Y,Casimoda,Casimoda,Samsung Galaxy A23 bruine case - Koeienprint,Samsung Galaxy A23 bruine case - Koeienprint,Geef je Samsung Galaxy A23 een opvallende en trendy look met de bruin-witte koeienprint case. Het speelse patroon in warme tinten zorgt voor een unieke uitstraling die perfect past bij elke stijl.,"<p>Bij Casimoda begrijpen we dat smartphones soms lijken te hebben geleerd hoe ze op de meest onverwachte momenten uit onze handen kunnen glippen. Maar geen zorgen, wij hebben het antwoord voor je Samsung Galaxy A23! Maak kennis met ons gloednieuwe TPU telefoonhoesje in een trendy kleur, dat niet alleen als een tweede huid om je smartphone past, maar ook een flinke dosis stijl toevoegt. Met handige uitsparingen en knopafdekkingen blijven alle functies behouden, terwijl jouw telefoon zich in stijl en veiligheid hult. Precies wat je telefoon nodig heeft!</p>
<h3><strong>Waarom zou je voor deze siliconen Samsung Galaxy A23 case gaan?</strong></h3>
<ul>
<li>Uitstekende bescherming: dit telefoonhoesje hoesje beschermt niet alleen je Samsung Galaxy A23 tegen vallen en stoten, maar ook de camera wordt beschermd dankzij de opstaande randen en lensbescherming.</li>
<li>Contactloos betalen: betaal snel en eenvoudig, zonder het hoesje te verwijderen.</li>
<li>Perfecte pasvorm: ons hoesje biedt een naadloze pasvorm en is gemakkelijk te bevestigen.</li>
</ul>
<h3><strong>Een uniek design van Casimoda</strong></h3>
<p>Het elegante design op de achterkant van dit telefoonhoesje verleent je telefoon een modieuze uitstraling. Of je nu op weg bent naar je werk, een belangrijke afspraak hebt of een ontspannen dagje uit met vrienden gepland hebt; dit hoesje combineert moeiteloos stijl met handige functionaliteit en biedt de perfecte accessoire voor elke gelegenheid.</p>
<p><em>Benieuwd naar al onze trendy <span style=""color: #3366ff;""><a style=""color: #3366ff;"" href=""https://www.casimoda.nl/samsung/samsung-galaxy-a23-hoesjes/"">Samsung Galaxy A23 cases</a></span>? </em><em>Blader door ons overzicht en ontdek het volledige assortiment.</em></p>",Solid_Brown,25.95,0,0,0,0,21,Y,Y,50,0,0,S/A23/E/009,,"8719573790264
",CASIM0225,0,g,0,0,ml,0,1,0,0,0,cm,0,0,0,,,TPU,11433824,1,10000,Samsung,Samsung Galaxy A23 hoesjes,Siliconen hoesjes,Samsung Galaxy A23 bruine case - Koeienprint,
10,,Y,Casimoda,Casimoda,Samsung Galaxy A23 bruine case - Abstract gezicht bruin,Samsung Galaxy A23 bruine case - Abstract gezicht bruin,Geef je Samsung Galaxy A23 een artistieke en moderne uitstraling met de Abstract Gezicht Bruin case. Het minimalistische lijnenspel in warme bruintinten zorgt voor een stijlvolle en unieke look.,"<p>Bij Casimoda begrijpen we dat smartphones soms lijken te hebben geleerd hoe ze op de meest onverwachte momenten uit onze handen kunnen glippen. Maar geen zorgen, wij hebben het antwoord voor je Samsung Galaxy A23! Maak kennis met ons gloednieuwe TPU telefoonhoesje in een trendy kleur, dat niet alleen als een tweede huid om je smartphone past, maar ook een flinke dosis stijl toevoegt. Met handige uitsparingen en knopafdekkingen blijven alle functies behouden, terwijl jouw telefoon zich in stijl en veiligheid hult. Precies wat je telefoon nodig heeft!</p>
<h3><strong>Waarom zou je voor deze siliconen Samsung Galaxy A23 case gaan?</strong></h3>
<ul>
<li>Uitstekende bescherming: dit telefoonhoesje hoesje beschermt niet alleen je Samsung Galaxy A23 tegen vallen en stoten, maar ook de camera wordt beschermd dankzij de opstaande randen en lensbescherming.</li>
<li>Contactloos betalen: betaal snel en eenvoudig, zonder het hoesje te verwijderen.</li>
<li>Perfecte pasvorm: ons hoesje biedt een naadloze pasvorm en is gemakkelijk te bevestigen.</li>
</ul>
<h3><strong>Een uniek design van Casimoda</strong></h3>
<p>Het elegante design op de achterkant van dit telefoonhoesje verleent je telefoon een modieuze uitstraling. Of je nu op weg bent naar je werk, een belangrijke afspraak hebt of een ontspannen dagje uit met vrienden gepland hebt; dit hoesje combineert moeiteloos stijl met handige functionaliteit en biedt de perfecte accessoire voor elke gelegenheid.</p>
<p><em>Benieuwd naar al onze trendy <span style=""color: #3366ff;""><a style=""color: #3366ff;"" href=""https://www.casimoda.nl/samsung/samsung-galaxy-a23-hoesjes/"">Samsung Galaxy A23 cases</a></span>? </em><em>Blader door ons overzicht en ontdek het volledige assortiment.</em></p>",Solid_Brown,25.95,0,0,0,0,21,Y,Y,50,0,0,S/A23/E/010,,"8719573790271
",CASIM0225,0,g,0,0,ml,0,1,0,0,0,cm,0,0,0,,,TPU,11433824,1,10000,Samsung,Samsung Galaxy A23 hoesjes,Siliconen hoesjes,Samsung Galaxy A23 bruine case - Abstract gezicht bruin,
11,,Y,Casimoda,Casimoda,Samsung Galaxy A23 bruine case - Warm curves,Samsung Galaxy A23 bruine case - Warm curves,"Transformeer je Samsung A23 in een kunstwerk met dit hoesje met abstracte print. De schokabsorberende eigenschappen van het materiaal bieden optimale bescherming, terwijl de slanke vorm de strakke vormgeving van je toestel behoudt.","<p>Bij Casimoda begrijpen we dat smartphones soms lijken te hebben geleerd hoe ze op de meest onverwachte momenten uit onze handen kunnen glippen. Maar geen zorgen, wij hebben het antwoord voor je Samsung Galaxy A23! Maak kennis met ons gloednieuwe TPU telefoonhoesje in een trendy kleur, dat niet alleen als een tweede huid om je smartphone past, maar ook een flinke dosis stijl toevoegt. Met handige uitsparingen en knopafdekkingen blijven alle functies behouden, terwijl jouw telefoon zich in stijl en veiligheid hult. Precies wat je telefoon nodig heeft!</p>
<h3><strong>Waarom zou je voor deze siliconen Samsung Galaxy A23 case gaan?</strong></h3>
<ul>
<li>Uitstekende bescherming: dit telefoonhoesje hoesje beschermt niet alleen je Samsung Galaxy A23 tegen vallen en stoten, maar ook de camera wordt beschermd dankzij de opstaande randen en lensbescherming.</li>
<li>Contactloos betalen: betaal snel en eenvoudig, zonder het hoesje te verwijderen.</li>
<li>Perfecte pasvorm: ons hoesje biedt een naadloze pasvorm en is gemakkelijk te bevestigen.</li>
</ul>
<h3><strong>Een uniek design van Casimoda</strong></h3>
<p>Het elegante design op de achterkant van dit telefoonhoesje verleent je telefoon een modieuze uitstraling. Of je nu op weg bent naar je werk, een belangrijke afspraak hebt of een ontspannen dagje uit met vrienden gepland hebt; dit hoesje combineert moeiteloos stijl met handige functionaliteit en biedt de perfecte accessoire voor elke gelegenheid.</p>
<p><em>Benieuwd naar al onze trendy <span style=""color: #3366ff;""><a style=""color: #3366ff;"" href=""https://www.casimoda.nl/samsung/samsung-galaxy-a23-hoesjes/"">Samsung Galaxy A23 cases</a></span>? </em><em>Blader door ons overzicht en ontdek het volledige assortiment.</em></p>",Solid_Brown,25.95,0,0,0,0,21,Y,Y,50,0,0,S/A23/E/011,,"8719573790288
",CASIM0225,0,g,0,0,ml,0,1,0,0,0,cm,0,0,0,,,TPU,11433824,1,10000,Samsung,Samsung Galaxy A23 hoesjes,Siliconen hoesjes,Samsung Galaxy A23 bruine case - Warm curves,
12,,Y,Casimoda,Casimoda,Samsung Galaxy A23 bruine case - Spot on,Samsung Galaxy A23 bruine case - Spot on,"Bescherm je Samsung A23 perfect met dit 'Spot on' TPU hoesje. Robuuste constructie, verhoogde randen voor maximale bescherming, en handige uitsparingen voor volledige toegang. Draadloos opladen is mogelijk voor ultiem gemak.","<p>Bij Casimoda begrijpen we dat smartphones soms lijken te hebben geleerd hoe ze op de meest onverwachte momenten uit onze handen kunnen glippen. Maar geen zorgen, wij hebben het antwoord voor je Samsung Galaxy A23! Maak kennis met ons gloednieuwe TPU telefoonhoesje in een trendy kleur, dat niet alleen als een tweede huid om je smartphone past, maar ook een flinke dosis stijl toevoegt. Met handige uitsparingen en knopafdekkingen blijven alle functies behouden, terwijl jouw telefoon zich in stijl en veiligheid hult. Precies wat je telefoon nodig heeft!</p>
<h3><strong>Waarom zou je voor deze siliconen Samsung Galaxy A23 case gaan?</strong></h3>
<ul>
<li>Uitstekende bescherming: dit telefoonhoesje hoesje beschermt niet alleen je Samsung Galaxy A23 tegen vallen en stoten, maar ook de camera wordt beschermd dankzij de opstaande randen en lensbescherming.</li>
<li>Contactloos betalen: betaal snel en eenvoudig, zonder het hoesje te verwijderen.</li>
<li>Perfecte pasvorm: ons hoesje biedt een naadloze pasvorm en is gemakkelijk te bevestigen.</li>
</ul>
<h3><strong>Een uniek design van Casimoda</strong></h3>
<p>Het elegante design op de achterkant van dit telefoonhoesje verleent je telefoon een modieuze uitstraling. Of je nu op weg bent naar je werk, een belangrijke afspraak hebt of een ontspannen dagje uit met vrienden gepland hebt; dit hoesje combineert moeiteloos stijl met handige functionaliteit en biedt de perfecte accessoire voor elke gelegenheid.</p>
<p><em>Benieuwd naar al onze trendy <span style=""color: #3366ff;""><a style=""color: #3366ff;"" href=""https://www.casimoda.nl/samsung/samsung-galaxy-a23-hoesjes/"">Samsung Galaxy A23 cases</a></span>? </em><em>Blader door ons overzicht en ontdek het volledige assortiment.</em></p>",Solid_Brown,25.95,0,0,0,0,21,Y,Y,50,0,0,S/A23/E/012,,"8719573790295
",CASIM0225,0,g,0,0,ml,0,1,0,0,0,cm,0,0,0,,,TPU,11433824,1,10000,Samsung,Samsung Galaxy A23 hoesjes,Siliconen hoesjes,Samsung Galaxy A23 bruine case - Spot on,
13,,Y,Casimoda,Casimoda,Samsung Galaxy A23 zwarte case - Hortensia,Samsung Galaxy A23 zwarte case - Hortensia,"Geef je Samsung Galaxy A23 een zachte, bloemrijke uitstraling met de Hortensia case. De subtiele bloemenprint zorgt voor een frisse en elegante look. Dankzij de stevige backcover is je telefoon goed beschermd tegen krassen en stoten.","<p>Bij Casimoda begrijpen we dat smartphones soms lijken te hebben geleerd hoe ze op de meest onverwachte momenten uit onze handen kunnen glippen. Maar geen zorgen, wij hebben het antwoord voor je Samsung Galaxy A23! Maak kennis met ons gloednieuwe TPU telefoonhoesje in een trendy kleur, dat niet alleen als een tweede huid om je smartphone past, maar ook een flinke dosis stijl toevoegt. Met handige uitsparingen en knopafdekkingen blijven alle functies behouden, terwijl jouw telefoon zich in stijl en veiligheid hult. Precies wat je telefoon nodig heeft!</p>
<h3><strong>Waarom zou je voor deze siliconen Samsung Galaxy A23 case gaan?</strong></h3>
<ul>
<li>Uitstekende bescherming: dit telefoonhoesje hoesje beschermt niet alleen je Samsung Galaxy A23 tegen vallen en stoten, maar ook de camera wordt beschermd dankzij de opstaande randen en lensbescherming.</li>
<li>Contactloos betalen: betaal snel en eenvoudig, zonder het hoesje te verwijderen.</li>
<li>Perfecte pasvorm: ons hoesje biedt een naadloze pasvorm en is gemakkelijk te bevestigen.</li>
</ul>
<h3><strong>Een uniek design van Casimoda</strong></h3>
<p>Het elegante design op de achterkant van dit telefoonhoesje verleent je telefoon een modieuze uitstraling. Of je nu op weg bent naar je werk, een belangrijke afspraak hebt of een ontspannen dagje uit met vrienden gepland hebt; dit hoesje combineert moeiteloos stijl met handige functionaliteit en biedt de perfecte accessoire voor elke gelegenheid.</p>
<p><em>Benieuwd naar al onze trendy <span style=""color: #3366ff;""><a style=""color: #3366ff;"" href=""https://www.casimoda.nl/samsung/samsung-galaxy-a23-hoesjes/"">Samsung Galaxy A23 cases</a></span>? </em><em>Blader door ons overzicht en ontdek het volledige assortiment.</em></p>",Solid_Black,25.95,0,0,0,0,21,Y,Y,50,0,0,S/A23/E/013,,"8719573790301
",CASIM0225,0,g,0,0,ml,0,1,0,0,0,cm,0,0,0,,,TPU,11433824,1,10000,Samsung,Samsung Galaxy A23 hoesjes,Siliconen hoesjes,Samsung Galaxy A23 zwarte case - Hortensia,
14,,Y,Casimoda,Casimoda,Samsung Galaxy A23 zwarte case - Purple sky,Samsung Galaxy A23 zwarte case - Purple sky,Met de 'Purple sky' case wordt je Samsung A23 een stijlvol middelpunt. Nachtpaarse accenten op stevig zwart TPU voor wie houdt van mysterie en bescherming in één. Het hoesje geeft een stevige bescherming en draadloos opladen is mogelijk.,"<p>Bij Casimoda begrijpen we dat smartphones soms lijken te hebben geleerd hoe ze op de meest onverwachte momenten uit onze handen kunnen glippen. Maar geen zorgen, wij hebben het antwoord voor je Samsung Galaxy A23! Maak kennis met ons gloednieuwe TPU telefoonhoesje in een trendy kleur, dat niet alleen als een tweede huid om je smartphone past, maar ook een flinke dosis stijl toevoegt. Met handige uitsparingen en knopafdekkingen blijven alle functies behouden, terwijl jouw telefoon zich in stijl en veiligheid hult. Precies wat je telefoon nodig heeft!</p>
<h3><strong>Waarom zou je voor deze siliconen Samsung Galaxy A23 case gaan?</strong></h3>
<ul>
<li>Uitstekende bescherming: dit telefoonhoesje hoesje beschermt niet alleen je Samsung Galaxy A23 tegen vallen en stoten, maar ook de camera wordt beschermd dankzij de opstaande randen en lensbescherming.</li>
<li>Contactloos betalen: betaal snel en eenvoudig, zonder het hoesje te verwijderen.</li>
<li>Perfecte pasvorm: ons hoesje biedt een naadloze pasvorm en is gemakkelijk te bevestigen.</li>
</ul>
<h3><strong>Een uniek design van Casimoda</strong></h3>
<p>Het elegante design op de achterkant van dit telefoonhoesje verleent je telefoon een modieuze uitstraling. Of je nu op weg bent naar je werk, een belangrijke afspraak hebt of een ontspannen dagje uit met vrienden gepland hebt; dit hoesje combineert moeiteloos stijl met handige functionaliteit en biedt de perfecte accessoire voor elke gelegenheid.</p>
<p><em>Benieuwd naar al onze trendy <span style=""color: #3366ff;""><a style=""color: #3366ff;"" href=""https://www.casimoda.nl/samsung/samsung-galaxy-a23-hoesjes/"">Samsung Galaxy A23 cases</a></span>? </em><em>Blader door ons overzicht en ontdek het volledige assortiment.</em></p>",Solid_Black,25.95,0,0,0,0,21,Y,Y,50,0,0,S/A23/E/014,,"8719573790318
",CASIM0225,0,g,0,0,ml,0,1,0,0,0,cm,0,0,0,,,TPU,11433824,1,10000,Samsung,Samsung Galaxy A23 hoesjes,Siliconen hoesjes,Samsung Galaxy A23 zwarte case - Purple sky,
15,,Y,Casimoda,Casimoda,Samsung Galaxy A23 zwarte case - Twilight petals,Samsung Galaxy A23 zwarte case - Twilight petals,Laat je Samsung Galaxy A23 opvallen met de mysterieuze Twilight Petals case. De combinatie van donkere tinten en bloemdetails geeft een stijlvolle uitstraling. De case biedt een fijne grip en beschermt je toestel tegen dagelijkse beschadigingen.,"<p>Bij Casimoda begrijpen we dat smartphones soms lijken te hebben geleerd hoe ze op de meest onverwachte momenten uit onze handen kunnen glippen. Maar geen zorgen, wij hebben het antwoord voor je Samsung Galaxy A23! Maak kennis met ons gloednieuwe TPU telefoonhoesje in een trendy kleur, dat niet alleen als een tweede huid om je smartphone past, maar ook een flinke dosis stijl toevoegt. Met handige uitsparingen en knopafdekkingen blijven alle functies behouden, terwijl jouw telefoon zich in stijl en veiligheid hult. Precies wat je telefoon nodig heeft!</p>
<h3><strong>Waarom zou je voor deze siliconen Samsung Galaxy A23 case gaan?</strong></h3>
<ul>
<li>Uitstekende bescherming: dit telefoonhoesje hoesje beschermt niet alleen je Samsung Galaxy A23 tegen vallen en stoten, maar ook de camera wordt beschermd dankzij de opstaande randen en lensbescherming.</li>
<li>Contactloos betalen: betaal snel en eenvoudig, zonder het hoesje te verwijderen.</li>
<li>Perfecte pasvorm: ons hoesje biedt een naadloze pasvorm en is gemakkelijk te bevestigen.</li>
</ul>
<h3><strong>Een uniek design van Casimoda</strong></h3>
<p>Het elegante design op de achterkant van dit telefoonhoesje verleent je telefoon een modieuze uitstraling. Of je nu op weg bent naar je werk, een belangrijke afspraak hebt of een ontspannen dagje uit met vrienden gepland hebt; dit hoesje combineert moeiteloos stijl met handige functionaliteit en biedt de perfecte accessoire voor elke gelegenheid.</p>
<p><em>Benieuwd naar al onze trendy <span style=""color: #3366ff;""><a style=""color: #3366ff;"" href=""https://www.casimoda.nl/samsung/samsung-galaxy-a23-hoesjes/"">Samsung Galaxy A23 cases</a></span>? </em><em>Blader door ons overzicht en ontdek het volledige assortiment.</em></p>",Solid_Black,25.95,0,0,0,0,21,Y,Y,50,0,0,S/A23/E/015,,"8719573790325
",CASIM0225,0,g,0,0,ml,0,1,0,0,0,cm,0,0,0,,,TPU,11433824,1,10000,Samsung,Samsung Galaxy A23 hoesjes,Siliconen hoesjes,Samsung Galaxy A23 zwarte case - Twilight petals,
16,,Y,Casimoda,Casimoda,Samsung Galaxy A23 zwarte case - Marmer paars,Samsung Galaxy A23 zwarte case - Marmer paars,"Kies voor de chique 'Marmer paars' case en hul je Samsung A23 in luxe. Deze marmerlook telefooncover met een twist van paars, gecombineerd met een stevige constructie die je telefoon optimaal beschermt. Precies wat je nodig hebt!","<p>Bij Casimoda begrijpen we dat smartphones soms lijken te hebben geleerd hoe ze op de meest onverwachte momenten uit onze handen kunnen glippen. Maar geen zorgen, wij hebben het antwoord voor je Samsung Galaxy A23! Maak kennis met ons gloednieuwe TPU telefoonhoesje in een trendy kleur, dat niet alleen als een tweede huid om je smartphone past, maar ook een flinke dosis stijl toevoegt. Met handige uitsparingen en knopafdekkingen blijven alle functies behouden, terwijl jouw telefoon zich in stijl en veiligheid hult. Precies wat je telefoon nodig heeft!</p>
<h3><strong>Waarom zou je voor deze siliconen Samsung Galaxy A23 case gaan?</strong></h3>
<ul>
<li>Uitstekende bescherming: dit telefoonhoesje hoesje beschermt niet alleen je Samsung Galaxy A23 tegen vallen en stoten, maar ook de camera wordt beschermd dankzij de opstaande randen en lensbescherming.</li>
<li>Contactloos betalen: betaal snel en eenvoudig, zonder het hoesje te verwijderen.</li>
<li>Perfecte pasvorm: ons hoesje biedt een naadloze pasvorm en is gemakkelijk te bevestigen.</li>
</ul>
<h3><strong>Een uniek design van Casimoda</strong></h3>
<p>Het elegante design op de achterkant van dit telefoonhoesje verleent je telefoon een modieuze uitstraling. Of je nu op weg bent naar je werk, een belangrijke afspraak hebt of een ontspannen dagje uit met vrienden gepland hebt; dit hoesje combineert moeiteloos stijl met handige functionaliteit en biedt de perfecte accessoire voor elke gelegenheid.</p>
<p><em>Benieuwd naar al onze trendy <span style=""color: #3366ff;""><a style=""color: #3366ff;"" href=""https://www.casimoda.nl/samsung/samsung-galaxy-a23-hoesjes/"">Samsung Galaxy A23 cases</a></span>? </em><em>Blader door ons overzicht en ontdek het volledige assortiment.</em></p>",Solid_Black,25.95,0,0,0,0,21,Y,Y,50,0,0,S/A23/E/016,,"8719573790332
",CASIM0225,0,g,0,0,ml,0,1,0,0,0,cm,0,0,0,,,TPU,11433824,1,10000,Samsung,Samsung Galaxy A23 hoesjes,Siliconen hoesjes,Samsung Galaxy A23 zwarte case - Marmer paars,
17,,Y,Casimoda,Casimoda,Samsung Galaxy A23 beige case - Kat,Samsung Galaxy A23 beige case - Kat,"De 'Kat' case voor je Samsung A23 is het purrfecte accessoire voor kattenfans. Niet alleen cute door de speelse kattenillustratie, maar ook super praktisch met eenvoudig toegankelijke uitsparingen voor al je poorten. Ideaal!","<p>Bij Casimoda begrijpen we dat smartphones soms lijken te hebben geleerd hoe ze op de meest onverwachte momenten uit onze handen kunnen glippen. Maar geen zorgen, wij hebben het antwoord voor je Samsung Galaxy A23! Maak kennis met ons gloednieuwe TPU telefoonhoesje in een trendy kleur, dat niet alleen als een tweede huid om je smartphone past, maar ook een flinke dosis stijl toevoegt. Met handige uitsparingen en knopafdekkingen blijven alle functies behouden, terwijl jouw telefoon zich in stijl en veiligheid hult. Precies wat je telefoon nodig heeft!</p>
<h3><strong>Waarom zou je voor deze siliconen Samsung Galaxy A23 case gaan?</strong></h3>
<ul>
<li>Uitstekende bescherming: dit telefoonhoesje hoesje beschermt niet alleen je Samsung Galaxy A23 tegen vallen en stoten, maar ook de camera wordt beschermd dankzij de opstaande randen en lensbescherming.</li>
<li>Contactloos betalen: betaal snel en eenvoudig, zonder het hoesje te verwijderen.</li>
<li>Perfecte pasvorm: ons hoesje biedt een naadloze pasvorm en is gemakkelijk te bevestigen.</li>
</ul>
<h3><strong>Een uniek design van Casimoda</strong></h3>
<p>Het elegante design op de achterkant van dit telefoonhoesje verleent je telefoon een modieuze uitstraling. Of je nu op weg bent naar je werk, een belangrijke afspraak hebt of een ontspannen dagje uit met vrienden gepland hebt; dit hoesje combineert moeiteloos stijl met handige functionaliteit en biedt de perfecte accessoire voor elke gelegenheid.</p>
<p><em>Benieuwd naar al onze trendy <span style=""color: #3366ff;""><a style=""color: #3366ff;"" href=""https://www.casimoda.nl/samsung/samsung-galaxy-a23-hoesjes/"">Samsung Galaxy A23 cases</a></span>? </em><em>Blader door ons overzicht en ontdek het volledige assortiment.</em></p>",Solid_Beige,25.95,0,0,0,0,21,Y,Y,50,0,0,S/A23/E/017,,"8719573790349
",CASIM0225,0,g,0,0,ml,0,1,0,0,0,cm,0,0,0,,,TPU,11433824,1,10000,Samsung,Samsung Galaxy A23 hoesjes,Siliconen hoesjes,Samsung Galaxy A23 beige case - Kat,
18,,Y,Casimoda,Casimoda,Samsung Galaxy A23 beige case - Blossom,Samsung Galaxy A23 beige case - Blossom,"De 'Blossom' case laat je Samsung A23 bloeien met stijl. Zachte beige tinten en delicate bloemen bieden niet alleen een lentefris design, maar ook een stevige bescherming die toch slank blijft. Perfect voor de smartphonegebruiker die stijl belangrijk vindt.","<p>Bij Casimoda begrijpen we dat smartphones soms lijken te hebben geleerd hoe ze op de meest onverwachte momenten uit onze handen kunnen glippen. Maar geen zorgen, wij hebben het antwoord voor je Samsung Galaxy A23! Maak kennis met ons gloednieuwe TPU telefoonhoesje in een trendy kleur, dat niet alleen als een tweede huid om je smartphone past, maar ook een flinke dosis stijl toevoegt. Met handige uitsparingen en knopafdekkingen blijven alle functies behouden, terwijl jouw telefoon zich in stijl en veiligheid hult. Precies wat je telefoon nodig heeft!</p>
<h3><strong>Waarom zou je voor deze siliconen Samsung Galaxy A23 case gaan?</strong></h3>
<ul>
<li>Uitstekende bescherming: dit telefoonhoesje hoesje beschermt niet alleen je Samsung Galaxy A23 tegen vallen en stoten, maar ook de camera wordt beschermd dankzij de opstaande randen en lensbescherming.</li>
<li>Contactloos betalen: betaal snel en eenvoudig, zonder het hoesje te verwijderen.</li>
<li>Perfecte pasvorm: ons hoesje biedt een naadloze pasvorm en is gemakkelijk te bevestigen.</li>
</ul>
<h3><strong>Een uniek design van Casimoda</strong></h3>
<p>Het elegante design op de achterkant van dit telefoonhoesje verleent je telefoon een modieuze uitstraling. Of je nu op weg bent naar je werk, een belangrijke afspraak hebt of een ontspannen dagje uit met vrienden gepland hebt; dit hoesje combineert moeiteloos stijl met handige functionaliteit en biedt de perfecte accessoire voor elke gelegenheid.</p>
<p><em>Benieuwd naar al onze trendy <span style=""color: #3366ff;""><a style=""color: #3366ff;"" href=""https://www.casimoda.nl/samsung/samsung-galaxy-a23-hoesjes/"">Samsung Galaxy A23 cases</a></span>? </em><em>Blader door ons overzicht en ontdek het volledige assortiment.</em></p>",Solid_Beige,25.95,0,0,0,0,21,Y,Y,50,0,0,S/A23/E/018,,"8719573790356
",CASIM0225,0,g,0,0,ml,0,1,0,0,0,cm,0,0,0,,,TPU,11433824,1,10000,Samsung,Samsung Galaxy A23 hoesjes,Siliconen hoesjes,Samsung Galaxy A23 beige case - Blossom,
19,,Y,Casimoda,Casimoda,Samsung Galaxy A23 beige case - Vive la vie,Samsung Galaxy A23 beige case - Vive la vie,"Vier het leven met het ""Vive la vie"" TPU hoesje voor de Samsung A23. Deze robuuste constructie biedt stevige bescherming en heeft een schokabsorberende werking. Alle uitsparingen blijven eenvoudig bereikbaar.","<p>Bij Casimoda begrijpen we dat smartphones soms lijken te hebben geleerd hoe ze op de meest onverwachte momenten uit onze handen kunnen glippen. Maar geen zorgen, wij hebben het antwoord voor je Samsung Galaxy A23! Maak kennis met ons gloednieuwe TPU telefoonhoesje in een trendy kleur, dat niet alleen als een tweede huid om je smartphone past, maar ook een flinke dosis stijl toevoegt. Met handige uitsparingen en knopafdekkingen blijven alle functies behouden, terwijl jouw telefoon zich in stijl en veiligheid hult. Precies wat je telefoon nodig heeft!</p>
<h3><strong>Waarom zou je voor deze siliconen Samsung Galaxy A23 case gaan?</strong></h3>
<ul>
<li>Uitstekende bescherming: dit telefoonhoesje hoesje beschermt niet alleen je Samsung Galaxy A23 tegen vallen en stoten, maar ook de camera wordt beschermd dankzij de opstaande randen en lensbescherming.</li>
<li>Contactloos betalen: betaal snel en eenvoudig, zonder het hoesje te verwijderen.</li>
<li>Perfecte pasvorm: ons hoesje biedt een naadloze pasvorm en is gemakkelijk te bevestigen.</li>
</ul>
<h3><strong>Een uniek design van Casimoda</strong></h3>
<p>Het elegante design op de achterkant van dit telefoonhoesje verleent je telefoon een modieuze uitstraling. Of je nu op weg bent naar je werk, een belangrijke afspraak hebt of een ontspannen dagje uit met vrienden gepland hebt; dit hoesje combineert moeiteloos stijl met handige functionaliteit en biedt de perfecte accessoire voor elke gelegenheid.</p>
<p><em>Benieuwd naar al onze trendy <span style=""color: #3366ff;""><a style=""color: #3366ff;"" href=""https://www.casimoda.nl/samsung/samsung-galaxy-a23-hoesjes/"">Samsung Galaxy A23 cases</a></span>? </em><em>Blader door ons overzicht en ontdek het volledige assortiment.</em></p>",Solid_Beige,25.95,0,0,0,0,21,Y,Y,50,0,0,S/A23/E/019,,"8719573790363
",CASIM0225,0,g,0,0,ml,0,1,0,0,0,cm,0,0,0,,,TPU,11433824,1,10000,Samsung,Samsung Galaxy A23 hoesjes,Siliconen hoesjes,Samsung Galaxy A23 beige case - Vive la vie,
20,,Y,Casimoda,Casimoda,Samsung Galaxy A23 beige case - Bee happy,Samsung Galaxy A23 beige case - Bee happy,Verbeter je Samsung A23 met het Bee happy TPU hoesje. Dit hoesje is voorzien van schokabsorberend materiaal voor betrouwbare bescherming tegen stoten en vallen. Het opvallende bijenontwerp voegt een speelse twist toe aan je telefoon.,"<p>Bij Casimoda begrijpen we dat smartphones soms lijken te hebben geleerd hoe ze op de meest onverwachte momenten uit onze handen kunnen glippen. Maar geen zorgen, wij hebben het antwoord voor je Samsung Galaxy A23! Maak kennis met ons gloednieuwe TPU telefoonhoesje in een trendy kleur, dat niet alleen als een tweede huid om je smartphone past, maar ook een flinke dosis stijl toevoegt. Met handige uitsparingen en knopafdekkingen blijven alle functies behouden, terwijl jouw telefoon zich in stijl en veiligheid hult. Precies wat je telefoon nodig heeft!</p>
<h3><strong>Waarom zou je voor deze siliconen Samsung Galaxy A23 case gaan?</strong></h3>
<ul>
<li>Uitstekende bescherming: dit telefoonhoesje hoesje beschermt niet alleen je Samsung Galaxy A23 tegen vallen en stoten, maar ook de camera wordt beschermd dankzij de opstaande randen en lensbescherming.</li>
<li>Contactloos betalen: betaal snel en eenvoudig, zonder het hoesje te verwijderen.</li>
<li>Perfecte pasvorm: ons hoesje biedt een naadloze pasvorm en is gemakkelijk te bevestigen.</li>
</ul>
<h3><strong>Een uniek design van Casimoda</strong></h3>
<p>Het elegante design op de achterkant van dit telefoonhoesje verleent je telefoon een modieuze uitstraling. Of je nu op weg bent naar je werk, een belangrijke afspraak hebt of een ontspannen dagje uit met vrienden gepland hebt; dit hoesje combineert moeiteloos stijl met handige functionaliteit en biedt de perfecte accessoire voor elke gelegenheid.</p>
<p><em>Benieuwd naar al onze trendy <span style=""color: #3366ff;""><a style=""color: #3366ff;"" href=""https://www.casimoda.nl/samsung/samsung-galaxy-a23-hoesjes/"">Samsung Galaxy A23 cases</a></span>? </em><em>Blader door ons overzicht en ontdek het volledige assortiment.</em></p>",Solid_Beige,25.95,0,0,0,0,21,Y,Y,50,0,0,S/A23/E/020,,"8719573790370
",CASIM0225,0,g,0,0,ml,0,1,0,0,0,cm,0,0,0,,,TPU,11433824,1,10000,Samsung,Samsung Galaxy A23 hoesjes,Siliconen hoesjes,Samsung Galaxy A23 beige case - Bee happy,
21,,Y,Casimoda,Casimoda,Samsung Galaxy A23 zwarte case - Kreeft,Samsung Galaxy A23 zwarte case - Kreeft,Geef je Samsung A23 een speelse twist met de Kreeft case. Het unieke design zorgt voor een opvallende en eigenzinnige look die direct in het oog springt. De stevige hoes beschermt je telefoon tegen krassen en stoten en zorgt voor een comfortabele grip.,"<p>Bij Casimoda begrijpen we dat smartphones soms lijken te hebben geleerd hoe ze op de meest onverwachte momenten uit onze handen kunnen glippen. Maar geen zorgen, wij hebben het antwoord voor je Samsung Galaxy A23! Maak kennis met ons gloednieuwe TPU telefoonhoesje in een trendy kleur, dat niet alleen als een tweede huid om je smartphone past, maar ook een flinke dosis stijl toevoegt. Met handige uitsparingen en knopafdekkingen blijven alle functies behouden, terwijl jouw telefoon zich in stijl en veiligheid hult. Precies wat je telefoon nodig heeft!</p>
<h3><strong>Waarom zou je voor deze siliconen Samsung Galaxy A23 case gaan?</strong></h3>
<ul>
<li>Uitstekende bescherming: dit telefoonhoesje hoesje beschermt niet alleen je Samsung Galaxy A23 tegen vallen en stoten, maar ook de camera wordt beschermd dankzij de opstaande randen en lensbescherming.</li>
<li>Contactloos betalen: betaal snel en eenvoudig, zonder het hoesje te verwijderen.</li>
<li>Perfecte pasvorm: ons hoesje biedt een naadloze pasvorm en is gemakkelijk te bevestigen.</li>
</ul>
<h3><strong>Een uniek design van Casimoda</strong></h3>
<p>Het elegante design op de achterkant van dit telefoonhoesje verleent je telefoon een modieuze uitstraling. Of je nu op weg bent naar je werk, een belangrijke afspraak hebt of een ontspannen dagje uit met vrienden gepland hebt; dit hoesje combineert moeiteloos stijl met handige functionaliteit en biedt de perfecte accessoire voor elke gelegenheid.</p>
<p><em>Benieuwd naar al onze trendy <span style=""color: #3366ff;""><a style=""color: #3366ff;"" href=""https://www.casimoda.nl/samsung/samsung-galaxy-a23-hoesjes/"">Samsung Galaxy A23 cases</a></span>? </em><em>Blader door ons overzicht en ontdek het volledige assortiment.</em></p>",Solid_Black,25.95,0,0,0,0,21,Y,Y,50,0,0,S/A23/E/021,,"8719573790387
",CASIM0225,0,g,0,0,ml,0,1,0,0,0,cm,0,0,0,,,TPU,11433824,1,10000,Samsung,Samsung Galaxy A23 hoesjes,Siliconen hoesjes,Samsung Galaxy A23 zwarte case - Kreeft,
22,,Y,Casimoda,Casimoda,Samsung Galaxy A23 zwarte case - Monstera leaves,Samsung Galaxy A23 zwarte case - Monstera leaves,"Omring je Samsung A23 met de schoonheid van 'Monstera leaves'. Deze case, een exclusiviteit van Casimoda, biedt je toestel robuuste bescherming in stijl. Laat je meevoeren naar een tropisch paradijs, terwijl je toestel veilig blijft.","<p>Bij Casimoda begrijpen we dat smartphones soms lijken te hebben geleerd hoe ze op de meest onverwachte momenten uit onze handen kunnen glippen. Maar geen zorgen, wij hebben het antwoord voor je Samsung Galaxy A23! Maak kennis met ons gloednieuwe TPU telefoonhoesje in een trendy kleur, dat niet alleen als een tweede huid om je smartphone past, maar ook een flinke dosis stijl toevoegt. Met handige uitsparingen en knopafdekkingen blijven alle functies behouden, terwijl jouw telefoon zich in stijl en veiligheid hult. Precies wat je telefoon nodig heeft!</p>
<h3><strong>Waarom zou je voor deze siliconen Samsung Galaxy A23 case gaan?</strong></h3>
<ul>
<li>Uitstekende bescherming: dit telefoonhoesje hoesje beschermt niet alleen je Samsung Galaxy A23 tegen vallen en stoten, maar ook de camera wordt beschermd dankzij de opstaande randen en lensbescherming.</li>
<li>Contactloos betalen: betaal snel en eenvoudig, zonder het hoesje te verwijderen.</li>
<li>Perfecte pasvorm: ons hoesje biedt een naadloze pasvorm en is gemakkelijk te bevestigen.</li>
</ul>
<h3><strong>Een uniek design van Casimoda</strong></h3>
<p>Het elegante design op de achterkant van dit telefoonhoesje verleent je telefoon een modieuze uitstraling. Of je nu op weg bent naar je werk, een belangrijke afspraak hebt of een ontspannen dagje uit met vrienden gepland hebt; dit hoesje combineert moeiteloos stijl met handige functionaliteit en biedt de perfecte accessoire voor elke gelegenheid.</p>
<p><em>Benieuwd naar al onze trendy <span style=""color: #3366ff;""><a style=""color: #3366ff;"" href=""https://www.casimoda.nl/samsung/samsung-galaxy-a23-hoesjes/"">Samsung Galaxy A23 cases</a></span>? </em><em>Blader door ons overzicht en ontdek het volledige assortiment.</em></p>",Solid_Black,25.95,0,0,0,0,21,Y,Y,50,0,0,S/A23/E/022,,"8719573790394
",CASIM0225,0,g,0,0,ml,0,1,0,0,0,cm,0,0,0,,,TPU,11433824,1,10000,Samsung,Samsung Galaxy A23 hoesjes,Siliconen hoesjes,Samsung Galaxy A23 zwarte case - Monstera leaves,
23,,Y,Casimoda,Casimoda,Samsung Galaxy A23 zwarte case - Sunflowers,Samsung Galaxy A23 zwarte case - Sunflowers,"Zonneschijn in je hand met de 'Sunflowers' case voor Samsung A23, waar je ook bent. Stralende zonnebloemen op stevig TPU zorgen voor een stevige grip en superieure bescherming. Ook compatibel met contactloos betalen.","<p>Bij Casimoda begrijpen we dat smartphones soms lijken te hebben geleerd hoe ze op de meest onverwachte momenten uit onze handen kunnen glippen. Maar geen zorgen, wij hebben het antwoord voor je Samsung Galaxy A23! Maak kennis met ons gloednieuwe TPU telefoonhoesje in een trendy kleur, dat niet alleen als een tweede huid om je smartphone past, maar ook een flinke dosis stijl toevoegt. Met handige uitsparingen en knopafdekkingen blijven alle functies behouden, terwijl jouw telefoon zich in stijl en veiligheid hult. Precies wat je telefoon nodig heeft!</p>
<h3><strong>Waarom zou je voor deze siliconen Samsung Galaxy A23 case gaan?</strong></h3>
<ul>
<li>Uitstekende bescherming: dit telefoonhoesje hoesje beschermt niet alleen je Samsung Galaxy A23 tegen vallen en stoten, maar ook de camera wordt beschermd dankzij de opstaande randen en lensbescherming.</li>
<li>Contactloos betalen: betaal snel en eenvoudig, zonder het hoesje te verwijderen.</li>
<li>Perfecte pasvorm: ons hoesje biedt een naadloze pasvorm en is gemakkelijk te bevestigen.</li>
</ul>
<h3><strong>Een uniek design van Casimoda</strong></h3>
<p>Het elegante design op de achterkant van dit telefoonhoesje verleent je telefoon een modieuze uitstraling. Of je nu op weg bent naar je werk, een belangrijke afspraak hebt of een ontspannen dagje uit met vrienden gepland hebt; dit hoesje combineert moeiteloos stijl met handige functionaliteit en biedt de perfecte accessoire voor elke gelegenheid.</p>
<p><em>Benieuwd naar al onze trendy <span style=""color: #3366ff;""><a style=""color: #3366ff;"" href=""https://www.casimoda.nl/samsung/samsung-galaxy-a23-hoesjes/"">Samsung Galaxy A23 cases</a></span>? </em><em>Blader door ons overzicht en ontdek het volledige assortiment.</em></p>",Solid_Black,25.95,0,0,0,0,21,Y,Y,50,0,0,S/A23/E/023,,"8719573790400
",CASIM0225,0,g,0,0,ml,0,1,0,0,0,cm,0,0,0,,,TPU,11433824,1,10000,Samsung,Samsung Galaxy A23 hoesjes,Siliconen hoesjes,Samsung Galaxy A23 zwarte case - Sunflowers,
24,,Y,Casimoda,Casimoda,Samsung Galaxy A23 zwarte case - Green waves,Samsung Galaxy A23 zwarte case - Green waves,"Laat elke dag golven met de 'Green waves' case. Dit is geen gewoon hoesje; het is een exclusief Casimoda product die je Samsung A23 beschermt met een krachtige constructie. Klaar voor draadloos opladen, klaar voor elke golf.","<p>Bij Casimoda begrijpen we dat smartphones soms lijken te hebben geleerd hoe ze op de meest onverwachte momenten uit onze handen kunnen glippen. Maar geen zorgen, wij hebben het antwoord voor je Samsung Galaxy A23! Maak kennis met ons gloednieuwe TPU telefoonhoesje in een trendy kleur, dat niet alleen als een tweede huid om je smartphone past, maar ook een flinke dosis stijl toevoegt. Met handige uitsparingen en knopafdekkingen blijven alle functies behouden, terwijl jouw telefoon zich in stijl en veiligheid hult. Precies wat je telefoon nodig heeft!</p>
<h3><strong>Waarom zou je voor deze siliconen Samsung Galaxy A23 case gaan?</strong></h3>
<ul>
<li>Uitstekende bescherming: dit telefoonhoesje hoesje beschermt niet alleen je Samsung Galaxy A23 tegen vallen en stoten, maar ook de camera wordt beschermd dankzij de opstaande randen en lensbescherming.</li>
<li>Contactloos betalen: betaal snel en eenvoudig, zonder het hoesje te verwijderen.</li>
<li>Perfecte pasvorm: ons hoesje biedt een naadloze pasvorm en is gemakkelijk te bevestigen.</li>
</ul>
<h3><strong>Een uniek design van Casimoda</strong></h3>
<p>Het elegante design op de achterkant van dit telefoonhoesje verleent je telefoon een modieuze uitstraling. Of je nu op weg bent naar je werk, een belangrijke afspraak hebt of een ontspannen dagje uit met vrienden gepland hebt; dit hoesje combineert moeiteloos stijl met handige functionaliteit en biedt de perfecte accessoire voor elke gelegenheid.</p>
<p><em>Benieuwd naar al onze trendy <span style=""color: #3366ff;""><a style=""color: #3366ff;"" href=""https://www.casimoda.nl/samsung/samsung-galaxy-a23-hoesjes/"">Samsung Galaxy A23 cases</a></span>? </em><em>Blader door ons overzicht en ontdek het volledige assortiment.</em></p>",Solid_Black,25.95,0,0,0,0,21,Y,Y,50,0,0,S/A23/E/024,,"8719573790417
",CASIM0225,0,g,0,0,ml,0,1,0,0,0,cm,0,0,0,,,TPU,11433824,1,10000,Samsung,Samsung Galaxy A23 hoesjes,Siliconen hoesjes,Samsung Galaxy A23 zwarte case - Green waves,
25,,Y,Casimoda,Casimoda,Samsung Galaxy A23 beige case - Marmer goud,Samsung Galaxy A23 beige case - Marmer goud,Voeg een vleugje luxe toe aan je Samsung A23 met dit TPU hoesje in marmer met matte gouden accenten. Een robuuste constructie beschermt je toestel terwijl het slanke design zijn elegantie behoudt. Draadloos opladen is mogelijk.,"<p>Bij Casimoda begrijpen we dat smartphones soms lijken te hebben geleerd hoe ze op de meest onverwachte momenten uit onze handen kunnen glippen. Maar geen zorgen, wij hebben het antwoord voor je Samsung Galaxy A23! Maak kennis met ons gloednieuwe TPU telefoonhoesje in een trendy kleur, dat niet alleen als een tweede huid om je smartphone past, maar ook een flinke dosis stijl toevoegt. Met handige uitsparingen en knopafdekkingen blijven alle functies behouden, terwijl jouw telefoon zich in stijl en veiligheid hult. Precies wat je telefoon nodig heeft!</p>
<h3><strong>Waarom zou je voor deze siliconen Samsung Galaxy A23 case gaan?</strong></h3>
<ul>
<li>Uitstekende bescherming: dit telefoonhoesje hoesje beschermt niet alleen je Samsung Galaxy A23 tegen vallen en stoten, maar ook de camera wordt beschermd dankzij de opstaande randen en lensbescherming.</li>
<li>Contactloos betalen: betaal snel en eenvoudig, zonder het hoesje te verwijderen.</li>
<li>Perfecte pasvorm: ons hoesje biedt een naadloze pasvorm en is gemakkelijk te bevestigen.</li>
</ul>
<h3><strong>Een uniek design van Casimoda</strong></h3>
<p>Het elegante design op de achterkant van dit telefoonhoesje verleent je telefoon een modieuze uitstraling. Of je nu op weg bent naar je werk, een belangrijke afspraak hebt of een ontspannen dagje uit met vrienden gepland hebt; dit hoesje combineert moeiteloos stijl met handige functionaliteit en biedt de perfecte accessoire voor elke gelegenheid.</p>
<p><em>Benieuwd naar al onze trendy <span style=""color: #3366ff;""><a style=""color: #3366ff;"" href=""https://www.casimoda.nl/samsung/samsung-galaxy-a23-hoesjes/"">Samsung Galaxy A23 cases</a></span>? </em><em>Blader door ons overzicht en ontdek het volledige assortiment.</em></p>",Solid_Beige,25.95,0,0,0,0,21,Y,Y,50,0,0,S/A23/E/025,,"8719573790424
",CASIM0225,0,g,0,0,ml,0,1,0,0,0,cm,0,0,0,,,TPU,11433824,1,10000,Samsung,Samsung Galaxy A23 hoesjes,Siliconen hoesjes,Samsung Galaxy A23 beige case - Marmer goud,
26,,Y,Casimoda,Casimoda,Samsung Galaxy A23 beige case - Abstract dots,Samsung Galaxy A23 beige case - Abstract dots,"Geef je Samsung A23 een eigentijdse uitstraling met het ""Abstract dots"" TPU hoesje. Dit hoesje combineert een robuuste constructie met schokabsorberende eigenschappen voor stevige bescherming. Precies wat je telefoon verdient!","<p>Bij Casimoda begrijpen we dat smartphones soms lijken te hebben geleerd hoe ze op de meest onverwachte momenten uit onze handen kunnen glippen. Maar geen zorgen, wij hebben het antwoord voor je Samsung Galaxy A23! Maak kennis met ons gloednieuwe TPU telefoonhoesje in een trendy kleur, dat niet alleen als een tweede huid om je smartphone past, maar ook een flinke dosis stijl toevoegt. Met handige uitsparingen en knopafdekkingen blijven alle functies behouden, terwijl jouw telefoon zich in stijl en veiligheid hult. Precies wat je telefoon nodig heeft!</p>
<h3><strong>Waarom zou je voor deze siliconen Samsung Galaxy A23 case gaan?</strong></h3>
<ul>
<li>Uitstekende bescherming: dit telefoonhoesje hoesje beschermt niet alleen je Samsung Galaxy A23 tegen vallen en stoten, maar ook de camera wordt beschermd dankzij de opstaande randen en lensbescherming.</li>
<li>Contactloos betalen: betaal snel en eenvoudig, zonder het hoesje te verwijderen.</li>
<li>Perfecte pasvorm: ons hoesje biedt een naadloze pasvorm en is gemakkelijk te bevestigen.</li>
</ul>
<h3><strong>Een uniek design van Casimoda</strong></h3>
<p>Het elegante design op de achterkant van dit telefoonhoesje verleent je telefoon een modieuze uitstraling. Of je nu op weg bent naar je werk, een belangrijke afspraak hebt of een ontspannen dagje uit met vrienden gepland hebt; dit hoesje combineert moeiteloos stijl met handige functionaliteit en biedt de perfecte accessoire voor elke gelegenheid.</p>
<p><em>Benieuwd naar al onze trendy <span style=""color: #3366ff;""><a style=""color: #3366ff;"" href=""https://www.casimoda.nl/samsung/samsung-galaxy-a23-hoesjes/"">Samsung Galaxy A23 cases</a></span>? </em><em>Blader door ons overzicht en ontdek het volledige assortiment.</em></p>",Solid_Beige,25.95,0,0,0,0,21,Y,Y,50,0,0,S/A23/E/026,,"8719573790431
",CASIM0225,0,g,0,0,ml,0,1,0,0,0,cm,0,0,0,,,TPU,11433824,1,10000,Samsung,Samsung Galaxy A23 hoesjes,Siliconen hoesjes,Samsung Galaxy A23 beige case - Abstract dots,
27,,Y,Casimoda,Casimoda,Samsung Galaxy A23 beige case - Giraffe,Samsung Galaxy A23 beige case - Giraffe,"Geef je Samsung A23 een strakke vormgeving en betrouwbare bescherming. Dit telefoonhoesje biedt een perfecte pasvorm, een mooie effen kleur, en een stijlvol giraffe ontwerp op de achterkant, exclusief verkrijgbaar bij Casimoda. ","<p>Bij Casimoda begrijpen we dat smartphones soms lijken te hebben geleerd hoe ze op de meest onverwachte momenten uit onze handen kunnen glippen. Maar geen zorgen, wij hebben het antwoord voor je Samsung Galaxy A23! Maak kennis met ons gloednieuwe TPU telefoonhoesje in een trendy kleur, dat niet alleen als een tweede huid om je smartphone past, maar ook een flinke dosis stijl toevoegt. Met handige uitsparingen en knopafdekkingen blijven alle functies behouden, terwijl jouw telefoon zich in stijl en veiligheid hult. Precies wat je telefoon nodig heeft!</p>
<h3><strong>Waarom zou je voor deze siliconen Samsung Galaxy A23 case gaan?</strong></h3>
<ul>
<li>Uitstekende bescherming: dit telefoonhoesje hoesje beschermt niet alleen je Samsung Galaxy A23 tegen vallen en stoten, maar ook de camera wordt beschermd dankzij de opstaande randen en lensbescherming.</li>
<li>Contactloos betalen: betaal snel en eenvoudig, zonder het hoesje te verwijderen.</li>
<li>Perfecte pasvorm: ons hoesje biedt een naadloze pasvorm en is gemakkelijk te bevestigen.</li>
</ul>
<h3><strong>Een uniek design van Casimoda</strong></h3>
<p>Het elegante design op de achterkant van dit telefoonhoesje verleent je telefoon een modieuze uitstraling. Of je nu op weg bent naar je werk, een belangrijke afspraak hebt of een ontspannen dagje uit met vrienden gepland hebt; dit hoesje combineert moeiteloos stijl met handige functionaliteit en biedt de perfecte accessoire voor elke gelegenheid.</p>
<p><em>Benieuwd naar al onze trendy <span style=""color: #3366ff;""><a style=""color: #3366ff;"" href=""https://www.casimoda.nl/samsung/samsung-galaxy-a23-hoesjes/"">Samsung Galaxy A23 cases</a></span>? </em><em>Blader door ons overzicht en ontdek het volledige assortiment.</em></p>",Solid_Beige,25.95,0,0,0,0,21,Y,Y,50,0,0,S/A23/E/027,,"8719573790448
",CASIM0225,0,g,0,0,ml,0,1,0,0,0,cm,0,0,0,,,TPU,11433824,1,10000,Samsung,Samsung Galaxy A23 hoesjes,Siliconen hoesjes,Samsung Galaxy A23 beige case - Giraffe,
28,,Y,Casimoda,Casimoda,Samsung Galaxy A23 beige case - Floral garden,Samsung Galaxy A23 beige case - Floral garden,"Elevate je Samsung A23 met het Floral Garden TPU hoesje, met een schokabsorberende constructie. Alle uitsparingen en knoppen zijn slim verwerkt, terwijl draadloos opladen mogelijk blijft. Precies wat je telefoon verdient!","<p>Bij Casimoda begrijpen we dat smartphones soms lijken te hebben geleerd hoe ze op de meest onverwachte momenten uit onze handen kunnen glippen. Maar geen zorgen, wij hebben het antwoord voor je Samsung Galaxy A23! Maak kennis met ons gloednieuwe TPU telefoonhoesje in een trendy kleur, dat niet alleen als een tweede huid om je smartphone past, maar ook een flinke dosis stijl toevoegt. Met handige uitsparingen en knopafdekkingen blijven alle functies behouden, terwijl jouw telefoon zich in stijl en veiligheid hult. Precies wat je telefoon nodig heeft!</p>
<h3><strong>Waarom zou je voor deze siliconen Samsung Galaxy A23 case gaan?</strong></h3>
<ul>
<li>Uitstekende bescherming: dit telefoonhoesje hoesje beschermt niet alleen je Samsung Galaxy A23 tegen vallen en stoten, maar ook de camera wordt beschermd dankzij de opstaande randen en lensbescherming.</li>
<li>Contactloos betalen: betaal snel en eenvoudig, zonder het hoesje te verwijderen.</li>
<li>Perfecte pasvorm: ons hoesje biedt een naadloze pasvorm en is gemakkelijk te bevestigen.</li>
</ul>
<h3><strong>Een uniek design van Casimoda</strong></h3>
<p>Het elegante design op de achterkant van dit telefoonhoesje verleent je telefoon een modieuze uitstraling. Of je nu op weg bent naar je werk, een belangrijke afspraak hebt of een ontspannen dagje uit met vrienden gepland hebt; dit hoesje combineert moeiteloos stijl met handige functionaliteit en biedt de perfecte accessoire voor elke gelegenheid.</p>
<p><em>Benieuwd naar al onze trendy <span style=""color: #3366ff;""><a style=""color: #3366ff;"" href=""https://www.casimoda.nl/samsung/samsung-galaxy-a23-hoesjes/"">Samsung Galaxy A23 cases</a></span>? </em><em>Blader door ons overzicht en ontdek het volledige assortiment.</em></p>",Solid_Beige,25.95,0,0,0,0,21,Y,Y,50,0,0,S/A23/E/028,,"8719573790455
",CASIM0225,0,g,0,0,ml,0,1,0,0,0,cm,0,0,0,,,TPU,11433824,1,10000,Samsung,Samsung Galaxy A23 hoesjes,Siliconen hoesjes,Samsung Galaxy A23 beige case - Floral garden,
29,,Y,Casimoda,Casimoda,Samsung Galaxy A23 zwarte case - Marmer lichtblauw,Samsung Galaxy A23 zwarte case - Marmer lichtblauw,Met de 'Marmer lichtblauw' case voor Samsung A23 voeg je elegantie toe aan je dag. Exclusief verkrijgbaar bij Casimoda; deze case combineert de tijdloze luxe van marmer met de solide zekerheid van onverwoestbare bescherming. Perfect!,"<p>Bij Casimoda begrijpen we dat smartphones soms lijken te hebben geleerd hoe ze op de meest onverwachte momenten uit onze handen kunnen glippen. Maar geen zorgen, wij hebben het antwoord voor je Samsung Galaxy A23! Maak kennis met ons gloednieuwe TPU telefoonhoesje in een trendy kleur, dat niet alleen als een tweede huid om je smartphone past, maar ook een flinke dosis stijl toevoegt. Met handige uitsparingen en knopafdekkingen blijven alle functies behouden, terwijl jouw telefoon zich in stijl en veiligheid hult. Precies wat je telefoon nodig heeft!</p>
<h3><strong>Waarom zou je voor deze siliconen Samsung Galaxy A23 case gaan?</strong></h3>
<ul>
<li>Uitstekende bescherming: dit telefoonhoesje hoesje beschermt niet alleen je Samsung Galaxy A23 tegen vallen en stoten, maar ook de camera wordt beschermd dankzij de opstaande randen en lensbescherming.</li>
<li>Contactloos betalen: betaal snel en eenvoudig, zonder het hoesje te verwijderen.</li>
<li>Perfecte pasvorm: ons hoesje biedt een naadloze pasvorm en is gemakkelijk te bevestigen.</li>
</ul>
<h3><strong>Een uniek design van Casimoda</strong></h3>
<p>Het elegante design op de achterkant van dit telefoonhoesje verleent je telefoon een modieuze uitstraling. Of je nu op weg bent naar je werk, een belangrijke afspraak hebt of een ontspannen dagje uit met vrienden gepland hebt; dit hoesje combineert moeiteloos stijl met handige functionaliteit en biedt de perfecte accessoire voor elke gelegenheid.</p>
<p><em>Benieuwd naar al onze trendy <span style=""color: #3366ff;""><a style=""color: #3366ff;"" href=""https://www.casimoda.nl/samsung/samsung-galaxy-a23-hoesjes/"">Samsung Galaxy A23 cases</a></span>? </em><em>Blader door ons overzicht en ontdek het volledige assortiment.</em></p>",Solid_Black,25.95,0,0,0,0,21,Y,Y,50,0,0,S/A23/E/029,,"8719573790462
",CASIM0225,0,g,0,0,ml,0,1,0,0,0,cm,0,0,0,,,TPU,11433824,1,10000,Samsung,Samsung Galaxy A23 hoesjes,Siliconen hoesjes,Samsung Galaxy A23 zwarte case - Marmer lichtblauw,
30,,Y,Casimoda,Casimoda,Samsung Galaxy A23 zwarte case - Retro bloempjes,Samsung Galaxy A23 zwarte case - Retro bloempjes,Herbeleef de charme van vervlogen tijden met de 'Retro bloempjes' case voor je Samsung A23. Dit Casimoda-exclusieve hoesje met nostalgische bloemenprint zorgt voor een stevige bescherming met een vrolijke knipoog naar de retrostijl.,"<p>Bij Casimoda begrijpen we dat smartphones soms lijken te hebben geleerd hoe ze op de meest onverwachte momenten uit onze handen kunnen glippen. Maar geen zorgen, wij hebben het antwoord voor je Samsung Galaxy A23! Maak kennis met ons gloednieuwe TPU telefoonhoesje in een trendy kleur, dat niet alleen als een tweede huid om je smartphone past, maar ook een flinke dosis stijl toevoegt. Met handige uitsparingen en knopafdekkingen blijven alle functies behouden, terwijl jouw telefoon zich in stijl en veiligheid hult. Precies wat je telefoon nodig heeft!</p>
<h3><strong>Waarom zou je voor deze siliconen Samsung Galaxy A23 case gaan?</strong></h3>
<ul>
<li>Uitstekende bescherming: dit telefoonhoesje hoesje beschermt niet alleen je Samsung Galaxy A23 tegen vallen en stoten, maar ook de camera wordt beschermd dankzij de opstaande randen en lensbescherming.</li>
<li>Contactloos betalen: betaal snel en eenvoudig, zonder het hoesje te verwijderen.</li>
<li>Perfecte pasvorm: ons hoesje biedt een naadloze pasvorm en is gemakkelijk te bevestigen.</li>
</ul>
<h3><strong>Een uniek design van Casimoda</strong></h3>
<p>Het elegante design op de achterkant van dit telefoonhoesje verleent je telefoon een modieuze uitstraling. Of je nu op weg bent naar je werk, een belangrijke afspraak hebt of een ontspannen dagje uit met vrienden gepland hebt; dit hoesje combineert moeiteloos stijl met handige functionaliteit en biedt de perfecte accessoire voor elke gelegenheid.</p>
<p><em>Benieuwd naar al onze trendy <span style=""color: #3366ff;""><a style=""color: #3366ff;"" href=""https://www.casimoda.nl/samsung/samsung-galaxy-a23-hoesjes/"">Samsung Galaxy A23 cases</a></span>? </em><em>Blader door ons overzicht en ontdek het volledige assortiment.</em></p>",Solid_Black,25.95,0,0,0,0,21,Y,Y,50,0,0,S/A23/E/030,,"8719573790479
",CASIM0225,0,g,0,0,ml,0,1,0,0,0,cm,0,0,0,,,TPU,11433824,1,10000,Samsung,Samsung Galaxy A23 hoesjes,Siliconen hoesjes,Samsung Galaxy A23 zwarte case - Retro bloempjes,
31,,Y,Casimoda,Casimoda,Samsung Galaxy A23 zwarte case - Kat kiekeboe,Samsung Galaxy A23 zwarte case - Kat kiekeboe,"Laat je Samsung A23 versieren met de 'Kat kiekeboe' case. Dit speelse ontwerp, alleen bij Casimoda te shoppen, biedt je telefoon een veilige haven met een stevige bescherming en een snufje kattenkwaad. Perfect voor de kattenliefhebber.","<p>Bij Casimoda begrijpen we dat smartphones soms lijken te hebben geleerd hoe ze op de meest onverwachte momenten uit onze handen kunnen glippen. Maar geen zorgen, wij hebben het antwoord voor je Samsung Galaxy A23! Maak kennis met ons gloednieuwe TPU telefoonhoesje in een trendy kleur, dat niet alleen als een tweede huid om je smartphone past, maar ook een flinke dosis stijl toevoegt. Met handige uitsparingen en knopafdekkingen blijven alle functies behouden, terwijl jouw telefoon zich in stijl en veiligheid hult. Precies wat je telefoon nodig heeft!</p>
<h3><strong>Waarom zou je voor deze siliconen Samsung Galaxy A23 case gaan?</strong></h3>
<ul>
<li>Uitstekende bescherming: dit telefoonhoesje hoesje beschermt niet alleen je Samsung Galaxy A23 tegen vallen en stoten, maar ook de camera wordt beschermd dankzij de opstaande randen en lensbescherming.</li>
<li>Contactloos betalen: betaal snel en eenvoudig, zonder het hoesje te verwijderen.</li>
<li>Perfecte pasvorm: ons hoesje biedt een naadloze pasvorm en is gemakkelijk te bevestigen.</li>
</ul>
<h3><strong>Een uniek design van Casimoda</strong></h3>
<p>Het elegante design op de achterkant van dit telefoonhoesje verleent je telefoon een modieuze uitstraling. Of je nu op weg bent naar je werk, een belangrijke afspraak hebt of een ontspannen dagje uit met vrienden gepland hebt; dit hoesje combineert moeiteloos stijl met handige functionaliteit en biedt de perfecte accessoire voor elke gelegenheid.</p>
<p><em>Benieuwd naar al onze trendy <span style=""color: #3366ff;""><a style=""color: #3366ff;"" href=""https://www.casimoda.nl/samsung/samsung-galaxy-a23-hoesjes/"">Samsung Galaxy A23 cases</a></span>? </em><em>Blader door ons overzicht en ontdek het volledige assortiment.</em></p>",Solid_Black,25.95,0,0,0,0,21,Y,Y,50,0,0,S/A23/E/031,,"8719573790486
",CASIM0225,0,g,0,0,ml,0,1,0,0,0,cm,0,0,0,,,TPU,11433824,1,10000,Samsung,Samsung Galaxy A23 hoesjes,Siliconen hoesjes,Samsung Galaxy A23 zwarte case - Kat kiekeboe,
32,,Y,Casimoda,Casimoda,Samsung Galaxy A23 zwarte case - Marmer grijs,Samsung Galaxy A23 zwarte case - Marmer grijs,"Straal pure klasse uit met de 'Marmer grijs' case rond je Samsung A23. Dit stijlvolle, door Casimoda exclusief aangeboden hoesje, biedt een luxueuze marmerlook en tegelijk een vesting van bescherming in je handpalm. ","<p>Bij Casimoda begrijpen we dat smartphones soms lijken te hebben geleerd hoe ze op de meest onverwachte momenten uit onze handen kunnen glippen. Maar geen zorgen, wij hebben het antwoord voor je Samsung Galaxy A23! Maak kennis met ons gloednieuwe TPU telefoonhoesje in een trendy kleur, dat niet alleen als een tweede huid om je smartphone past, maar ook een flinke dosis stijl toevoegt. Met handige uitsparingen en knopafdekkingen blijven alle functies behouden, terwijl jouw telefoon zich in stijl en veiligheid hult. Precies wat je telefoon nodig heeft!</p>
<h3><strong>Waarom zou je voor deze siliconen Samsung Galaxy A23 case gaan?</strong></h3>
<ul>
<li>Uitstekende bescherming: dit telefoonhoesje hoesje beschermt niet alleen je Samsung Galaxy A23 tegen vallen en stoten, maar ook de camera wordt beschermd dankzij de opstaande randen en lensbescherming.</li>
<li>Contactloos betalen: betaal snel en eenvoudig, zonder het hoesje te verwijderen.</li>
<li>Perfecte pasvorm: ons hoesje biedt een naadloze pasvorm en is gemakkelijk te bevestigen.</li>
</ul>
<h3><strong>Een uniek design van Casimoda</strong></h3>
<p>Het elegante design op de achterkant van dit telefoonhoesje verleent je telefoon een modieuze uitstraling. Of je nu op weg bent naar je werk, een belangrijke afspraak hebt of een ontspannen dagje uit met vrienden gepland hebt; dit hoesje combineert moeiteloos stijl met handige functionaliteit en biedt de perfecte accessoire voor elke gelegenheid.</p>
<p><em>Benieuwd naar al onze trendy <span style=""color: #3366ff;""><a style=""color: #3366ff;"" href=""https://www.casimoda.nl/samsung/samsung-galaxy-a23-hoesjes/"">Samsung Galaxy A23 cases</a></span>? </em><em>Blader door ons overzicht en ontdek het volledige assortiment.</em></p>",Solid_Black,25.95,0,0,0,0,21,Y,Y,50,0,0,S/A23/E/032,,"8719573790493
",CASIM0225,0,g,0,0,ml,0,1,0,0,0,cm,0,0,0,,,TPU,11433824,1,10000,Samsung,Samsung Galaxy A23 hoesjes,Siliconen hoesjes,Samsung Galaxy A23 zwarte case - Marmer grijs,
